par,value,orig
Amax_mod,3.04,13.8
Dth,0.063,0.063
E_ad,10,10
E_K,90,90
E_m,10,10
E_r,90,90
E_V,90,90
f_mp,0.5,0.5
f_ug,0.6,0.6
g_0,1.4,1.4
hour,3600,
k_ads_ref,1E-06,1E-06
K_D_ref,63,60
k_des_ref,1.2E-10,1.2E-10
m,1.26,1.26
min_md,3E-05,0.0001
n,2.75,2.75
pd,2700,2700
psi_fc,33,33
R,0.008314,0.008314
r_md_ref,0.002,0.002
r_mr_ref,4E-05,4E-05
T_ref,293.15,293.15
V_D_ref,0.00165,0.3
V_U_ref,0.04,0.09
